fault_name,X,Y,Z,gx,gy,gz
Kunanalling Fault,325759.5592012693,6574630.738936096,-4068.7680555555553,-0.45988679937903226,-0.33624542914938027,-0.8218534803315363
Ida Fault,281825.1270903786,6595975.051207576,-19118.905000000002,0.45567187888978244,0.12927503700726461,0.8659167546449202
